Workbook

Sheet Vlookup
A1: Employee ID | B1: Employee Name | C1: Department | D1: Location | E1: Salary
A2: E101 | B2: Priya | C2: HR | D2: Hyderabad | E2: 40000
A3: E102 | B3: Rahul | C3: IT | D3: Bangalore | E3: 55000
A4: E103 | B4: Anil | C4: Finance | D4: Chennai | E4: 48000
A5: E104 | B5: Sneha | C5: Sales | D5: Hyderabad | E5: 42000
A8: Find Priya's department. | F8: =VLOOKUP(B2,B1:E5,2,0) -> HR | G8: =VLOOKUP(A4,A1:E5,2,FALSE) -> Anil
A9: Find Rahul's salary. | F9: =_xlfn.XLOOKUP(B3,B1:B5,E1:E5,0) -> 55000
A10: Find E103's employee name. | F10: =_xlfn.XLOOKUP(A4,A1:A5,B1:B5,0) -> Anil
A11: Find E104's location.
A12: Use an Employee ID entered in another cell to dynamically retrieve the department. | F12: =_xlfn.XLOOKUP(A5,A1:A5,C1:C5,0) -> Sales
A13: Copy the formula down for multiple employees.
A14: Handle an ID that doesn't exist using IFERROR. | F14: =IFERROR(VLOOKUP(A6,A1:E6,4,0),"Not a value in the row") -> Not a value in the row

Sheet Sheet1

Sheet Hlookup
A1: Product ID | B1: P101 | C1: P102 | D1: P103 | E1: P104
A2: Product | B2: Laptop | C2: Mouse | D2: Keyboard | E2: Monitor
A3: Price | B3: 55000 | C3: 800 | D3: 1500 | E3: 12000
A4: Category | B4: Electronics | C4: Accessories | D4: Accessories | E4: Electronics
B6: Product | C6: Price
A7: P101 | B7: =HLOOKUP($A7,$A$1:$E$4,2,0) -> Laptop | C7: =HLOOKUP($A7,$A$1:$E$4,3,0) -> 55000
A8: P102 | B8: =HLOOKUP($A8,$A$1:$E$4,2,0) -> Mouse | C8: =HLOOKUP($A8,$A$1:$E$4,3,0) -> 800
A9: P103 | B9: =HLOOKUP($A9,$A$1:$E$4,2,0) -> Keyboard | C9: =HLOOKUP($A9,$A$1:$E$4,3,0) -> 1500
A10: P104 | B10: =HLOOKUP($A10,$A$1:$E$4,2,0) -> Monitor | C10: =HLOOKUP($A10,$A$1:$E$4,3,0) -> 12000

Sheet Xlookup
A1: Employee ID | B1: Employee Name | C1: Department | D1: Salary
A2: E101 | B2: Priya | C2: HR | D2: 40000
A3: E102 | B3: Rahul | C3: IT | D3: 55000
A4: E103 | B4: Anil | C4: Finance | D4: 48000
A5: E104 | B5: Sneha | C5: Sales | D5: 42000

Sheet Practice
A1: Product ID | B1: Product Name | C1: Category | D1: Supplier | E1: Unit Price | H1: Lookup Product ID | I1: Product Name | J1: Category | K1: Supplier | L1: Unit Price
A2: P101 | B2: Laptop | C2: Electronics | D2: Dell | E2: 55000 | H2: P103 | I2: =_xlfn.XLOOKUP($H2,$A$1:$A$16,$B$1:$B$16,"Not in row",0) -> Keyboard | J2: =_xlfn.XLOOKUP($H2,$A$1:$A$16,$C$1:$C$16,"Not found",0) -> Accessories | K2: =_xlfn.XLOOKUP($H2,$A$2:$A$16,$D$2:$D$16) -> HP | L2: =_xlfn.XLOOKUP($H2,$A$1:$A$16,$E$1:$E$16,"Not Found",0) -> 1800
A3: P102 | B3: Wireless Mouse | C3: Accessories | D3: Logitech | E3: 1200 | H3: P108 | I3: =_xlfn.XLOOKUP($H3,$A$1:$A$16,$B$1:$B$16,"Not in row",0) -> Headphones | J3: =_xlfn.XLOOKUP($H3,$A$1:$A$16,$C$1:$C$16,"Not found",0) -> Accessories | K3: =_xlfn.XLOOKUP($H3,$A$2:$A$16,$D$2:$D$16) -> Sony | L3: =_xlfn.XLOOKUP($H3,$A$1:$A$16,$E$1:$E$16,"Not Found",0) -> 3500
A4: P103 | B4: Keyboard | C4: Accessories | D4: HP | E4: 1800 | H4: P112 | I4: =_xlfn.XLOOKUP($H4,$A$1:$A$16,$B$1:$B$16,"Not in row",0) -> Tablet | J4: =_xlfn.XLOOKUP($H4,$A$1:$A$16,$C$1:$C$16,"Not found",0) -> Electronics | K4: =_xlfn.XLOOKUP($H4,$A$2:$A$16,$D$2:$D$16) -> Lenovo | L4: =_xlfn.XLOOKUP($H4,$A$1:$A$16,$E$1:$E$16,"Not Found",0) -> 28000
A5: P104 | B5: Monitor | C5: Electronics | D5: Samsung | E5: 15000 | H5: P115 | I5: =_xlfn.XLOOKUP($H5,$A$1:$A$16,$B$1:$B$16,"Not in row",0) -> SSD | J5: =_xlfn.XLOOKUP($H5,$A$1:$A$16,$C$1:$C$16,"Not found",0) -> Storage | K5: =_xlfn.XLOOKUP($H5,$A$2:$A$16,$D$2:$D$16) -> Samsung | L5: =_xlfn.XLOOKUP($H5,$A$1:$A$16,$E$1:$E$16,"Not Found",0) -> 7500
A6: P105 | B6: Printer | C6: Electronics | D6: Canon | E6: 12500 | H6: P101 | I6: =_xlfn.XLOOKUP($H6,$A$1:$A$16,$B$1:$B$16,"Not in row",0) -> Laptop | J6: =_xlfn.XLOOKUP($H6,$A$1:$A$16,$C$1:$C$16,"Not found",0) -> Electronics | K6: =_xlfn.XLOOKUP($H6,$A$2:$A$16,$D$2:$D$16) -> Dell | L6: =_xlfn.XLOOKUP($H6,$A$1:$A$16,$E$1:$E$16,"Not Found",0) -> 55000
A7: P106 | B7: Office Chair | C7: Furniture | D7: Featherlite | E7: 8500
A8: P107 | B8: Desk | C8: Furniture | D8: IKEA | E8: 12000
A9: P108 | B9: Headphones | C9: Accessories | D9: Sony | E9: 3500 | H9: Product Name | I9: Product ID
A10: P109 | B10: Webcam | C10: Electronics | D10: Logitech | E10: 4500 | H10: Keyboard | I10: =_xlfn.XLOOKUP($H10,$B$1:$B$16,$A$1:$A$16,0) -> P103
A11: P110 | B11: External HDD | C11: Storage | D11: Seagate | E11: 6500 | H11: Printer | I11: =_xlfn.XLOOKUP($H11,$B$1:$B$16,$A$1:$A$16,0) -> P105
A12: P111 | B12: USB Hub | C12: Accessories | D12: TP-Link | E12: 1500 | H12: Tablet | I12: =_xlfn.XLOOKUP($H12,$B$1:$B$16,$A$1:$A$16,0) -> P112
A13: P112 | B13: Tablet | C13: Electronics | D13: Lenovo | E13: 28000 | H13: Smartphone | I13: =_xlfn.XLOOKUP($H13,$B$1:$B$16,$A$1:$A$16,0) -> P113
A14: P113 | B14: Smartphone | C14: Electronics | D14: Samsung | E14: 32000 | H14: Desk | I14: =_xlfn.XLOOKUP($H14,$B$1:$B$16,$A$1:$A$16,0) -> P107
A15: P114 | B15: Office Table | C15: Furniture | D15: IKEA | E15: 14500
A16: P115 | B16: SSD | C16: Storage | D16: Samsung | E16: 7500

Sheet Index, Match
J6: Product | K6: Match | L6: Index
J7: Laptop | K7: =MATCH($J7,Practice2!$B$2:$B$6,0) -> 1
J8: Mouse | K8: =MATCH($J8,Practice2!$B$1:$B$6,0) -> #N/A
J9: Keyboard | K9: =MATCH($J9,Practice2!$B$2:$B$6,0) -> 3
J10: Monitor | K10: =MATCH($J10,Practice2!$B$2:$B$6,0) -> 4

Sheet Practice2
A1: Product ID | B1: Product Name | C1: Category | D1: Supplier | E1: Unit Price
A2: P101 | B2: Laptop | C2: Electronics | D2: Dell | E2: 55000
A3: P102 | B3: Wireless Mouse | C3: Accessories | D3: Logitech | E3: 1200
A4: P103 | B4: Keyboard | C4: Accessories | D4: HP | E4: 1800
A5: P104 | B5: Monitor | C5: Electronics | D5: Samsung | E5: 15000
A6: P105 | B6: Printer | C6: Electronics | D6: Canon | E6: 12500
E9: Product ID | F9: Product Name | G9: Category | H9: Supplier | I9: Unit Price
A10: Find the Category of Wireless Mouse. | D10: =_xlfn.XLOOKUP(B3,B1:B6,C1:C6,0) -> Accessories | E10: P101 | F10: =VLOOKUP($A2,$A$1:$E$6,2,0) -> Laptop | G10: =VLOOKUP($E10,$A$1:$E$6,3,0) -> Electronics | H10: =_xlfn.XLOOKUP($A2,Practice2!$A$1:$A$6,Practice2!$D$1:$D$6,0) -> Dell | I10: =INDEX($E$1:$E$6,MATCH($E10,$A$1:$A$6,0)) -> 55000
E11: P102 | F11: =VLOOKUP($A3,$A$1:$E$6,2,0) -> Wireless Mouse | G11: =VLOOKUP($E11,$A$1:$E$6,3,0) -> Accessories | H11: =_xlfn.XLOOKUP($A3,Practice2!$A$1:$A$6,Practice2!$D$1:$D$6,0) -> Logitech | I11: =INDEX($E$1:$E$6,MATCH($E11,$A$1:$A$6,0)) -> 1200
A12: Find the Supplier of Monitor. | D12: =_xlfn.XLOOKUP(B5,B1:B6,D1:D6,0) -> Samsung | E12: P103 | F12: =VLOOKUP($A4,$A$1:$E$6,2,0) -> Keyboard | G12: =VLOOKUP($E12,$A$1:$E$6,3,0) -> Accessories | H12: =_xlfn.XLOOKUP($A4,Practice2!$A$1:$A$6,Practice2!$D$1:$D$6,0) -> HP | I12: =INDEX($E$1:$E$6,MATCH($E12,$A$1:$A$6,0)) -> 1800
E13: P104 | F13: =VLOOKUP($A5,$A$1:$E$6,2,0) -> Monitor | G13: =VLOOKUP($E13,$A$1:$E$6,3,0) -> Electronics | H13: =_xlfn.XLOOKUP($A5,Practice2!$A$1:$A$6,Practice2!$D$1:$D$6,0) -> Samsung | I13: =INDEX($E$1:$E$6,MATCH($E13,$A$1:$A$6,0)) -> 15000
A14: Find the price of Tablet. | D14: =_xlfn.XLOOKUP("Tablet",B1:B6,E1:E6,"No Product",0) -> No Product | E14: P105 | F14: =VLOOKUP($A6,$A$1:$E$6,2,0) -> Printer | G14: =VLOOKUP($E14,$A$1:$E$6,3,0) -> Electronics | H14: =_xlfn.XLOOKUP($A6,Practice2!$A$1:$A$6,Practice2!$D$1:$D$6,0) -> Canon | I14: =INDEX($E$1:$E$6,MATCH($E14,$A$1:$A$6,0)) -> 12500
A16: Find the Product ID of HP. | D16: =_xlfn.XLOOKUP(D4,D1:D6,A1:A6,0) -> P103
